id,name,group,keywords_and_phrases,clarify_questions,challenge_questions,curious_response,direct_response,deescalating_response
1,Appeal to Ignorance,Evidence,can't prove | cannot prove | no proof | not disproven | prove it isn't | prove it is not | absence of evidence,"Are you treating missing proof as proof of the opposite? | What exactly is the factual conclusion being claimed? | What evidence supports it, and what evidence would count against it?",What evidence makes this conclusion more likely than the strongest alternative explanation? | Ask what evidence actually supports the claim. Lack of disproof is not proof.,What evidence are you using for that conclusion? I want to understand the step between what happened and what you're concluding.,"I'm willing to address the claim, but I need the evidence for it before I try to disprove it.",I want to take the concern seriously. Can we first separate what we know from what we're assuming?
2,Shifting the Burden of Proof,Evidence,prove you didn't | prove you did not | prove you're not | prove you are not | disprove it | show me i'm wrong | show me I’m wrong | you prove it,"Who made the factual claim, and what evidence did that person provide first? | What exactly is the factual conclusion being claimed? | What evidence supports it, and what evidence would count against it?",What evidence makes this conclusion more likely than the strongest alternative explanation? | The person making the factual claim should identify the evidence for it.,What evidence are you using for that conclusion? I want to understand the step between what happened and what you're concluding.,"I'm willing to address the claim, but I need the evidence for it before I try to disprove it.",I want to take the concern seriously. Can we first separate what we know from what we're assuming?
3,Demanding Impossible Proof,Evidence,prove you never | prove your intent | prove what you would have done | prove you'll never | prove you will never | guarantee you'll never | guarantee you will never,"Is the requested proof realistically possible for a private intention, hypothetical, or 'never' claim? | What exactly is the factual conclusion being claimed? | What evidence supports it, and what evidence would count against it?","What evidence makes this conclusion more likely than the strongest alternative explanation? | Replace impossible certainty with reasonable evidence, observable behavior, and clear future agreements.",What evidence are you using for that conclusion? I want to understand the step between what happened and what you're concluding.,"I'm willing to address the claim, but I need the evidence for it before I try to disprove it.",I want to take the concern seriously. Can we first separate what we know from what we're assuming?
4,Appeal to Authority,Evidence,therapist said | doctor said | expert said | lawyer said | book says | article says | professional said | authority says,"What reasons or evidence support the authority's opinion besides their status? | What exactly is the factual conclusion being claimed? | What evidence supports it, and what evidence would count against it?","What evidence makes this conclusion more likely than the strongest alternative explanation? | Use expertise as input, not as a substitute for reasoning. Ask what the conclusion is based on.",What evidence are you using for that conclusion? I want to understand the step between what happened and what you're concluding.,"I'm willing to address the claim, but I need the evidence for it before I try to disprove it.",I want to take the concern seriously. Can we first separate what we know from what we're assuming?
5,Appeal to Popularity,Evidence,everyone says | everybody says | all my friends | most people | people online | everyone agrees | everybody agrees | normal people,"Would the claim still be supported if nobody else agreed with it? | What exactly is the factual conclusion being claimed? | What evidence supports it, and what evidence would count against it?","What evidence makes this conclusion more likely than the strongest alternative explanation? | Popularity can reveal norms, but it does not prove what happened or what agreement is right for a particular couple.",What evidence are you using for that conclusion? I want to understand the step between what happened and what you're concluding.,"I'm willing to address the claim, but I need the evidence for it before I try to disprove it.",I want to take the concern seriously. Can we first separate what we know from what we're assuming?
6,Anecdotal Fallacy,Evidence,one time | once | last two times | a couple times | a few times | in my experience | i know someone | my friend did,"How many examples are there, and are they representative of the larger set? | What exactly is the factual conclusion being claimed? | What evidence supports it, and what evidence would count against it?","What evidence makes this conclusion more likely than the strongest alternative explanation? | Treat examples as data points, then check whether the wider pattern supports the same conclusion.",What evidence are you using for that conclusion? I want to understand the step between what happened and what you're concluding.,"I'm willing to address the claim, but I need the evidence for it before I try to disprove it.",I want to take the concern seriously. Can we first separate what we know from what we're assuming?
7,Hasty Generalization,Evidence,one time so | once so | this happened once | therefore always | so you're always | so you are always | one example proves | one incident proves,"Is a broad conclusion being drawn from too few cases? | What exactly is the factual conclusion being claimed? | What evidence supports it, and what evidence would count against it?","What evidence makes this conclusion more likely than the strongest alternative explanation? | Slow down the leap from one event to a global conclusion. Ask how often, under what conditions, and with what exceptions.",What evidence are you using for that conclusion? I want to understand the step between what happened and what you're concluding.,"I'm willing to address the claim, but I need the evidence for it before I try to disprove it.",I want to take the concern seriously. Can we first separate what we know from what we're assuming?
8,Texas Sharpshooter Fallacy,Evidence,these examples prove | look at these cases | all these examples | the pattern is obvious | picked examples | cluster of examples | only these cases,"Was the pattern defined before the examples were selected, or after? | What exactly is the factual conclusion being claimed? | What evidence supports it, and what evidence would count against it?","What evidence makes this conclusion more likely than the strongest alternative explanation? | Define the pattern first, then examine all relevant cases instead of drawing the target around the cases that fit.",What evidence are you using for that conclusion? I want to understand the step between what happened and what you're concluding.,"I'm willing to address the claim, but I need the evidence for it before I try to disprove it.",I want to take the concern seriously. Can we first separate what we know from what we're assuming?
9,Cherry-Picking,Evidence,only the times | only the examples | leave out | left out | omit | omitted | ignore the times | ignoring contrary | cherry pick | cherry-pick,"What relevant evidence points the other way or was left out? | What exactly is the factual conclusion being claimed? | What evidence supports it, and what evidence would count against it?","What evidence makes this conclusion more likely than the strongest alternative explanation? | Ask what evidence would complicate the story, not only what evidence confirms it.",What evidence are you using for that conclusion? I want to understand the step between what happened and what you're concluding.,"I'm willing to address the claim, but I need the evidence for it before I try to disprove it.",I want to take the concern seriously. Can we first separate what we know from what we're assuming?
10,False Cause,Evidence,because it happened after | ever since | after that so | therefore caused | caused by | made this happen | that's why | that is why,"What shows that A caused B rather than merely occurring before or alongside it? | What exactly is the factual conclusion being claimed? | What evidence supports it, and what evidence would count against it?","What evidence makes this conclusion more likely than the strongest alternative explanation? | Separate sequence from causation. Look for alternative causes, repeated patterns, and direct mechanisms.",What evidence are you using for that conclusion? I want to understand the step between what happened and what you're concluding.,"I'm willing to address the claim, but I need the evidence for it before I try to disprove it.",I want to take the concern seriously. Can we first separate what we know from what we're assuming?
11,Illusory Correlation,Evidence,always happens when | every time x | whenever this happens | these two go together | linked every time | must be connected | correlated,"How often do the two events actually occur together compared with when they do not? | What exactly is the factual conclusion being claimed? | What evidence supports it, and what evidence would count against it?",What evidence makes this conclusion more likely than the strongest alternative explanation? | Track whether the connection actually occurs consistently rather than relying on how strongly the association feels.,What evidence are you using for that conclusion? I want to understand the step between what happened and what you're concluding.,"I'm willing to address the claim, but I need the evidence for it before I try to disprove it.",I want to take the concern seriously. Can we first separate what we know from what we're assuming?
12,Base-Rate Neglect,Evidence,usually people | normally people | how often does that happen | base rate | most cases | typical case | ordinary explanation,"What is the ordinary or baseline frequency of this event in comparable situations? | What exactly is the factual conclusion being claimed? | What evidence supports it, and what evidence would count against it?",What evidence makes this conclusion more likely than the strongest alternative explanation? | Ask what usually happens in comparable situations before choosing the most threatening explanation.,What evidence are you using for that conclusion? I want to understand the step between what happened and what you're concluding.,"I'm willing to address the claim, but I need the evidence for it before I try to disprove it.",I want to take the concern seriously. Can we first separate what we know from what we're assuming?
13,Availability Heuristic,Evidence,first thing i remember | comes to mind | easy to remember | vivid memory | i can picture it | most memorable | can't forget,"Are vivid or easy-to-recall examples being mistaken for typical ones? | What exactly is the factual conclusion being claimed? | What evidence supports it, and what evidence would count against it?","What evidence makes this conclusion more likely than the strongest alternative explanation? | Vivid memories deserve attention, but estimate frequency from the whole record, not from the easiest memory to retrieve.",What evidence are you using for that conclusion? I want to understand the step between what happened and what you're concluding.,"I'm willing to address the claim, but I need the evidence for it before I try to disprove it.",I want to take the concern seriously. Can we first separate what we know from what we're assuming?
14,Outcome Bias,Evidence,turned out badly | turned out fine | ended badly | ended well | nothing happened so | because it worked | because it failed | outcome proves,"Would you judge the original decision the same way if the outcome had turned out differently? | What exactly is the factual conclusion being claimed? | What evidence supports it, and what evidence would count against it?","What evidence makes this conclusion more likely than the strongest alternative explanation? | Evaluate the decision using the information, risks, and alternatives available at the time—not only the ending.",What evidence are you using for that conclusion? I want to understand the step between what happened and what you're concluding.,"I'm willing to address the claim, but I need the evidence for it before I try to disprove it.",I want to take the concern seriously. Can we first separate what we know from what we're assuming?
15,Argument from Repetition,Evidence,i've told you for years | i have told you for years | keep saying | said it many times | everyone keeps saying | i keep telling you | repeatedly told,"Has repetition added new evidence, or only made the claim more familiar? | What exactly is the factual conclusion being claimed? | What evidence supports it, and what evidence would count against it?","What evidence makes this conclusion more likely than the strongest alternative explanation? | Repetition can strengthen memory and emotion, but it does not add evidence. Return to the underlying events.",What evidence are you using for that conclusion? I want to understand the step between what happened and what you're concluding.,"I'm willing to address the claim, but I need the evidence for it before I try to disprove it.",I want to take the concern seriously. Can we first separate what we know from what we're assuming?
16,Proof by Assertion,Evidence,it just is | yes you did | no you didn't | because i said | i know it | obviously | clearly | that's just true | that is just true,"What evidence is being offered besides confidence or repetition of the conclusion? | What exactly is the factual conclusion being claimed? | What evidence supports it, and what evidence would count against it?","What evidence makes this conclusion more likely than the strongest alternative explanation? | Turn the assertion into a testable statement: what observation would support it, and what would count against it?",What evidence are you using for that conclusion? I want to understand the step between what happened and what you're concluding.,"I'm willing to address the claim, but I need the evidence for it before I try to disprove it.",I want to take the concern seriously. Can we first separate what we know from what we're assuming?
17,Argument from Silence,Evidence,you didn't say | you did not say | you were silent | no response | didn't mention | did not mention | you never denied | silence means,"What other plausible meanings could the silence or omission have? | What exactly is the factual conclusion being claimed? | What evidence supports it, and what evidence would count against it?","What evidence makes this conclusion more likely than the strongest alternative explanation? | Silence is information, but it is ambiguous information. Ask before assigning a single meaning to it.",What evidence are you using for that conclusion? I want to understand the step between what happened and what you're concluding.,"I'm willing to address the claim, but I need the evidence for it before I try to disprove it.",I want to take the concern seriously. Can we first separate what we know from what we're assuming?
18,False Balance,Evidence,both sides are equal | equally true | 50/50 | same weight | both versions | two sides so | meet in the middle,"Do the two competing claims actually have equal evidentiary support? | What exactly is the factual conclusion being claimed? | What evidence supports it, and what evidence would count against it?",What evidence makes this conclusion more likely than the strongest alternative explanation? | Respect both people without pretending all claims have equal evidence. People deserve equal dignity; claims still require evaluation.,What evidence are you using for that conclusion? I want to understand the step between what happened and what you're concluding.,"I'm willing to address the claim, but I need the evidence for it before I try to disprove it.",I want to take the concern seriously. Can we first separate what we know from what we're assuming?
19,Fallacy Fallacy,Evidence,that's a fallacy so | that is a fallacy so | bad reasoning so false | your logic is bad so you're wrong | fallacy therefore false | argument is flawed therefore false,"Even if the argument is flawed, what independent evidence bears on whether the conclusion is true? | What exactly is the factual conclusion being claimed? | What evidence supports it, and what evidence would count against it?",What evidence makes this conclusion more likely than the strongest alternative explanation? | Correct the reasoning without assuming the opposite conclusion. A bad argument can accidentally point toward a true concern.,What evidence are you using for that conclusion? I want to understand the step between what happened and what you're concluding.,"I'm willing to address the claim, but I need the evidence for it before I try to disprove it.",I want to take the concern seriously. Can we first separate what we know from what we're assuming?
20,Mind Reading,Intent,you wanted | you meant | you think | you feel | you believe | you only did | because you wanted | you secretly | i know why you | your real reason,"Did the person state that thought or motive, or is it being inferred? | What was actually observed, and what part describes a private thought or motive? | Did the person state the motive, or is it being inferred from behavior?",Can we separate what happened from what you think the person intended? | Replace certainty about motive with a question: “What was happening for you when you did that?”,What made you think that was the intention?,"You can describe what happened, but my motive shouldn't be stated as fact unless there's evidence for it.",I understand how the action may have landed. Can we separate the impact from what you think I intended?
21,Jumping to Conclusions,Intent,must be | obviously means | clearly means | so that means | therefore you must | i already know | no other reason | jumping to,"What information is still missing before this conclusion can be firm? | What was actually observed, and what part describes a private thought or motive? | Did the person state the motive, or is it being inferred from behavior?","Can we separate what happened from what you think the person intended? | Name the observation first, then list at least two plausible explanations before acting on one.",What made you think that was the intention?,"You can describe what happened, but my motive shouldn't be stated as fact unless there's evidence for it.",I understand how the action may have landed. Can we separate the impact from what you think I intended?
22,Appeal to Motive,Intent,you only say that because | you only want | your motive is | you're just saying | you are just saying | only because you want | self-serving motive,"Does the alleged motive answer whether the person's actual claim is true? | What was actually observed, and what part describes a private thought or motive? | Did the person state the motive, or is it being inferred from behavior?","Can we separate what happened from what you think the person intended? | A motive may matter, but it does not determine whether the statement is true. Evaluate both separately.",What made you think that was the intention?,"You can describe what happened, but my motive shouldn't be stated as fact unless there's evidence for it.",I understand how the action may have landed. Can we separate the impact from what you think I intended?
23,Intentionality Bias,Intent,on purpose | intentionally | deliberately | specifically to | you meant to | you did that to | you knew it would and wanted | purposefully,"What evidence distinguishes deliberate action from accident, habit, stress, or misunderstanding? | What was actually observed, and what part describes a private thought or motive? | Did the person state the motive, or is it being inferred from behavior?",Can we separate what happened from what you think the person intended? | Distinguish “this affected me” from “you intended this effect.” Ask what evidence establishes intention.,What made you think that was the intention?,"You can describe what happened, but my motive shouldn't be stated as fact unless there's evidence for it.",I understand how the action may have landed. Can we separate the impact from what you think I intended?
24,Hostile Attribution Bias,Intent,trying to hurt | trying to punish | trying to attack | hostile | disrespecting me | threatening me | trying to control | out to get me | malicious,"Is ambiguous behavior being interpreted in the most hostile available way? | What was actually observed, and what part describes a private thought or motive? | Did the person state the motive, or is it being inferred from behavior?","Can we separate what happened from what you think the person intended? | When evidence is ambiguous, deliberately generate a neutral explanation before choosing the hostile one.",What made you think that was the intention?,"You can describe what happened, but my motive shouldn't be stated as fact unless there's evidence for it.",I understand how the action may have landed. Can we separate the impact from what you think I intended?
25,Personalization,Intent,because of me | my fault | i caused it | i made them | they're quiet because of me | this is about me | i must have done,"What evidence shows this event was caused by or centered on you? | What was actually observed, and what part describes a private thought or motive? | Did the person state the motive, or is it being inferred from behavior?",Can we separate what happened from what you think the person intended? | Ask what portion is actually yours. Responsibility can be partial without being total.,What made you think that was the intention?,"You can describe what happened, but my motive shouldn't be stated as fact unless there's evidence for it.",I understand how the action may have landed. Can we separate the impact from what you think I intended?
26,Projection,Intent,you must feel | you are judging me | you secretly want | you must want | you probably feel | you're the one who | you think exactly what i think,"Could the feeling or motive being assigned to the other person actually be coming from your own state? | What was actually observed, and what part describes a private thought or motive? | Did the person state the motive, or is it being inferred from behavior?",Can we separate what happened from what you think the person intended? | Use first-person language for your internal state before assigning it to the other person.,What made you think that was the intention?,"You can describe what happened, but my motive shouldn't be stated as fact unless there's evidence for it.",I understand how the action may have landed. Can we separate the impact from what you think I intended?
27,Genetic Fallacy,Intent,because your therapist | because your mother | because your father | because your family | because your friend | you got that from | came from social media | because of where it came from,"If the exact same claim came from a different source, would you evaluate it differently? | What was actually observed, and what part describes a private thought or motive? | Did the person state the motive, or is it being inferred from behavior?","Can we separate what happened from what you think the person intended? | The source can affect credibility, but the claim still deserves evaluation on its own merits.",What made you think that was the intention?,"You can describe what happened, but my motive shouldn't be stated as fact unless there's evidence for it.",I understand how the action may have landed. Can we separate the impact from what you think I intended?
28,Personal Incredulity,Intent,i can't understand | i cannot understand | makes no sense so | i would never | i can't imagine | impossible that | doesn't make sense to me so,"Is 'I cannot understand it' being used as evidence that it cannot be true? | What was actually observed, and what part describes a private thought or motive? | Did the person state the motive, or is it being inferred from behavior?","Can we separate what happened from what you think the person intended? | Not understanding another person’s experience is a reason to investigate, not proof that the experience is false.",What made you think that was the intention?,"You can describe what happened, but my motive shouldn't be stated as fact unless there's evidence for it.",I understand how the action may have landed. Can we separate the impact from what you think I intended?
29,Illusion of Transparency,Intent,you should know | you knew what i meant | obvious what i meant | you should have known how i felt | you could tell | it was obvious i needed,"Was the thought, need, or intention actually communicated, or only assumed to be obvious? | What was actually observed, and what part describes a private thought or motive? | Did the person state the motive, or is it being inferred from behavior?",Can we separate what happened from what you think the person intended? | Say the part you assume is obvious. Relationships fail when invisible intentions are treated as shared information.,What made you think that was the intention?,"You can describe what happened, but my motive shouldn't be stated as fact unless there's evidence for it.",I understand how the action may have landed. Can we separate the impact from what you think I intended?
30,Curse of Knowledge,Intent,how could you not know | you should understand | everyone knows this context | you know the history | you already know why | i shouldn't have to explain,"What context did the other person actually have at the time? | What was actually observed, and what part describes a private thought or motive? | Did the person state the motive, or is it being inferred from behavior?",Can we separate what happened from what you think the person intended? | Explain the missing context without assuming that failure to infer it means indifference or bad faith.,What made you think that was the intention?,"You can describe what happened, but my motive shouldn't be stated as fact unless there's evidence for it.",I understand how the action may have landed. Can we separate the impact from what you think I intended?
31,Emotional Reasoning,Feeling → Fact,i feel therefore | i feel like you | i felt so you | because i feel | feels true | i feel unsafe therefore | i feel controlled therefore | i feel rejected therefore,"What is the emotion, and what separate external conclusion is being drawn from it? | What is the internal feeling, and what outside-world conclusion is attached to it? | Can the feeling be validated without automatically accepting the explanation for it?","Can we honor the feeling while testing the factual conclusion separately? | Validate the feeling first, then separately examine the claim about what caused it.","What feeling are you having, and what do you think that feeling tells you about what happened?",I accept that the feeling is real. I don't want the feeling alone to decide the external fact.,I believe you feel that way. Can we look separately at what happened and what the feeling seems to mean?
32,Appeal to Emotion,Feeling → Fact,if you loved me | if you cared | after everything i've done | look how upset | how can you say no when | because i'm hurt | because i’m hurt | you'd do it if you cared,"What reasons support the conclusion if the emotional pressure is removed? | What is the internal feeling, and what outside-world conclusion is attached to it? | Can the feeling be validated without automatically accepting the explanation for it?",Can we honor the feeling while testing the factual conclusion separately? | Emotion can explain why something matters; it should not replace the reasoning needed to justify a demand or conclusion.,"What feeling are you having, and what do you think that feeling tells you about what happened?",I accept that the feeling is real. I don't want the feeling alone to decide the external fact.,I believe you feel that way. Can we look separately at what happened and what the feeling seems to mean?
33,Appeal to Consequences,Feeling → Fact,if i admit | if I admit | then it would mean | can't be true because that would | cannot be true because that would | if that were true then | too painful to be true,"Are you deciding what is true based on what accepting it would emotionally mean? | What is the internal feeling, and what outside-world conclusion is attached to it? | Can the feeling be validated without automatically accepting the explanation for it?",Can we honor the feeling while testing the factual conclusion separately? | Truth is independent of whether the conclusion is comfortable. Separate what is true from what you fear it would mean.,"What feeling are you having, and what do you think that feeling tells you about what happened?",I accept that the feeling is real. I don't want the feeling alone to decide the external fact.,I believe you feel that way. Can we look separately at what happened and what the feeling seems to mean?
34,Reification,Feeling → Fact,that is control | that's control | that is abuse | that's abuse | that is abandonment | that's abandonment | that is disrespect | that's disrespect | this is manipulation,"What concrete actions are hidden inside the abstract label? | What is the internal feeling, and what outside-world conclusion is attached to it? | Can the feeling be validated without automatically accepting the explanation for it?","Can we honor the feeling while testing the factual conclusion separately? | Return from labels to observable behavior: what was said, done, requested, or prevented?","What feeling are you having, and what do you think that feeling tells you about what happened?",I accept that the feeling is real. I don't want the feeling alone to decide the external fact.,I believe you feel that way. Can we look separately at what happened and what the feeling seems to mean?
35,Black-and-White Thinking,Feeling → Fact,either or | either you | or else | only two choices | all or nothing | completely or not at all | if not x then y,"What realistic third option exists between the two extremes being offered? | What is the internal feeling, and what outside-world conclusion is attached to it? | Can the feeling be validated without automatically accepting the explanation for it?","Can we honor the feeling while testing the factual conclusion separately? | Look for the third position: partial agreement, temporary limits, mixed motives, incremental repair, or uncertainty.","What feeling are you having, and what do you think that feeling tells you about what happened?",I accept that the feeling is real. I don't want the feeling alone to decide the external fact.,I believe you feel that way. Can we look separately at what happened and what the feeling seems to mean?
36,Catastrophizing,Feeling → Fact,marriage is over | never recover | always be this way | worst case | everything is ruined | this will destroy | it's hopeless | catastrophe,"What is possible, what is probable, and what evidence makes the worst outcome inevitable? | What is the internal feeling, and what outside-world conclusion is attached to it? | Can the feeling be validated without automatically accepting the explanation for it?",Can we honor the feeling while testing the factual conclusion separately? | Ask: What is possible? What is probable? What could I cope with if the difficult outcome happened?,"What feeling are you having, and what do you think that feeling tells you about what happened?",I accept that the feeling is real. I don't want the feeling alone to decide the external fact.,I believe you feel that way. Can we look separately at what happened and what the feeling seems to mean?
37,Labeling,Feeling → Fact,you are a liar | you're a liar | you are selfish | you're selfish | you are controlling | you're controlling | you are needy | you're needy | you are toxic | you're toxic | you are cold | you're cold,"What specific behavior supports the identity label, and does it justify describing the whole person? | What is the internal feeling, and what outside-world conclusion is attached to it? | Can the feeling be validated without automatically accepting the explanation for it?",Can we honor the feeling while testing the factual conclusion separately? | Describe the behavior precisely. Identities are harder to repair than actions.,"What feeling are you having, and what do you think that feeling tells you about what happened?",I accept that the feeling is real. I don't want the feeling alone to decide the external fact.,I believe you feel that way. Can we look separately at what happened and what the feeling seems to mean?
38,Should Statements,Feeling → Fact,should | shouldn't | should not | supposed to | must always | ought to | good spouse would | real partner should | married people should,"Is this a mutual agreement, a value, a preference, or a private rule being treated as universal? | What is the internal feeling, and what outside-world conclusion is attached to it? | Can the feeling be validated without automatically accepting the explanation for it?","Can we honor the feeling while testing the factual conclusion separately? | Translate “should” into a preference, value, agreement, or negotiable expectation.","What feeling are you having, and what do you think that feeling tells you about what happened?",I accept that the feeling is real. I don't want the feeling alone to decide the external fact.,I believe you feel that way. Can we look separately at what happened and what the feeling seems to mean?
39,Fortune Telling,Feeling → Fact,will always | will never | going to happen | definitely will | eventually you'll | eventually you will | this will end in | i know what will happen,"What evidence would make this prediction more or less likely? | What is the internal feeling, and what outside-world conclusion is attached to it? | Can the feeling be validated without automatically accepting the explanation for it?",Can we honor the feeling while testing the factual conclusion separately? | Treat predictions as hypotheses. Ask what evidence would update the prediction.,"What feeling are you having, and what do you think that feeling tells you about what happened?",I accept that the feeling is real. I don't want the feeling alone to decide the external fact.,I believe you feel that way. Can we look separately at what happened and what the feeling seems to mean?
40,Framing Effect,Feeling → Fact,checking versus tracking | space versus abandonment | independence versus distance | call it | framed as | same behavior different words | wording makes it sound,"Would your judgment change if the exact same behavior were described with neutral wording? | What is the internal feeling, and what outside-world conclusion is attached to it? | Can the feeling be validated without automatically accepting the explanation for it?",Can we honor the feeling while testing the factual conclusion separately? | Translate charged labels back into concrete actions before deciding what the behavior means.,"What feeling are you having, and what do you think that feeling tells you about what happened?",I accept that the feeling is real. I don't want the feeling alone to decide the external fact.,I believe you feel that way. Can we look separately at what happened and what the feeling seems to mean?
41,Spotlight Effect,Feeling → Fact,everyone noticed | they all think | people are judging | everyone saw | the therapist thinks i'm | the therapist thinks I’m | everyone is focused on | they're all watching,"What evidence shows other people noticed or judged this as much as you think they did? | What is the internal feeling, and what outside-world conclusion is attached to it? | Can the feeling be validated without automatically accepting the explanation for it?",Can we honor the feeling while testing the factual conclusion separately? | Ask what evidence shows that others are actually focused on you as intensely as you imagine.,"What feeling are you having, and what do you think that feeling tells you about what happened?",I accept that the feeling is real. I don't want the feeling alone to decide the external fact.,I believe you feel that way. Can we look separately at what happened and what the feeling seems to mean?
42,Recency Bias,Memory,lately | recently | last week | last few days | right now | these last times | most recent,"Are recent events being allowed to represent a much longer time period? | Is there a contemporaneous record, or are we relying mainly on recall? | Could timing, retelling, emotion, or an earlier label be shaping the memory?","What does the best available record establish, and what remains memory or interpretation? | Use a wider time window when evaluating patterns.","What do you remember directly, and is there any record we can compare it with?","Memory matters, but if a record exists I want us to use it before deciding what happened.",We may remember this differently. Let's use any record we have and mark the rest as uncertain rather than accusing each other.
43,Negativity Bias,Memory,only remember the bad | negative stands out | worst moments | all i remember is | can't stop thinking about the bad | one criticism outweighs,"Have positive or neutral events been counted alongside the negative ones? | Is there a contemporaneous record, or are we relying mainly on recall? | Could timing, retelling, emotion, or an earlier label be shaping the memory?","What does the best available record establish, and what remains memory or interpretation? | Do not force positivity; simply make sure negative evidence is not the only evidence recorded.","What do you remember directly, and is there any record we can compare it with?","Memory matters, but if a record exists I want us to use it before deciding what happened.",We may remember this differently. Let's use any record we have and mark the rest as uncertain rather than accusing each other.
44,Hindsight Bias,Memory,should have known | obvious now | knew all along | warning signs were obvious | i should've seen | i should have seen | of course it happened,"What was actually knowable before the outcome occurred? | Is there a contemporaneous record, or are we relying mainly on recall? | Could timing, retelling, emotion, or an earlier label be shaping the memory?","What does the best available record establish, and what remains memory or interpretation? | Reconstruct what you actually knew then, not what seems obvious now.","What do you remember directly, and is there any record we can compare it with?","Memory matters, but if a record exists I want us to use it before deciding what happened.",We may remember this differently. Let's use any record we have and mark the rest as uncertain rather than accusing each other.
45,Anchoring,Memory,first impression | first label | first story | anchored | started with the idea | initial number | first thing therapist said,"Is an early label, number, or story still controlling the judgment despite newer evidence? | Is there a contemporaneous record, or are we relying mainly on recall? | Could timing, retelling, emotion, or an earlier label be shaping the memory?","What does the best available record establish, and what remains memory or interpretation? | Ask whether the anchor still deserves its influence in light of newer information.","What do you remember directly, and is there any record we can compare it with?","Memory matters, but if a record exists I want us to use it before deciding what happened.",We may remember this differently. Let's use any record we have and mark the rest as uncertain rather than accusing each other.
46,Memory Conformity,Memory,everyone remembers it that way | family says it happened | after hearing it repeatedly | retelling changed | shared story | they told me so often | now i remember it that way,"Which details do you independently remember, and which came from later retellings? | Is there a contemporaneous record, or are we relying mainly on recall? | Could timing, retelling, emotion, or an earlier label be shaping the memory?","What does the best available record establish, and what remains memory or interpretation? | Separate what you independently remember from what you later heard or inferred.","What do you remember directly, and is there any record we can compare it with?","Memory matters, but if a record exists I want us to use it before deciding what happened.",We may remember this differently. Let's use any record we have and mark the rest as uncertain rather than accusing each other.
47,Consistency Bias,Memory,always wanted | never wanted | i've always | i have always | i never believed | always been this way | i was always like this,"Are you remembering your past position as more consistent with your present position than records show? | Is there a contemporaneous record, or are we relying mainly on recall? | Could timing, retelling, emotion, or an earlier label be shaping the memory?","What does the best available record establish, and what remains memory or interpretation? | Allow your past self to have been different. Change does not require rewriting the earlier position.","What do you remember directly, and is there any record we can compare it with?","Memory matters, but if a record exists I want us to use it before deciding what happened.",We may remember this differently. Let's use any record we have and mark the rest as uncertain rather than accusing each other.
48,Rosy Retrospection,Memory,used to be perfect | back then everything | good old days | before this everything worked | we were always happy then | things were simpler then,"What difficulties from the 'better' past are being left out of the memory? | Is there a contemporaneous record, or are we relying mainly on recall? | Could timing, retelling, emotion, or an earlier label be shaping the memory?","What does the best available record establish, and what remains memory or interpretation? | Use nostalgia as information about what you miss, not proof that the past was problem-free.","What do you remember directly, and is there any record we can compare it with?","Memory matters, but if a record exists I want us to use it before deciding what happened.",We may remember this differently. Let's use any record we have and mark the rest as uncertain rather than accusing each other.
49,Fading Affect Bias,Memory,doesn't feel as bad now | does not feel as bad now | not as painful now | i barely remember how bad | pain faded | seems minor now,"Has the emotional intensity faded in a way that now makes the event seem less important than it was then? | Is there a contemporaneous record, or are we relying mainly on recall? | Could timing, retelling, emotion, or an earlier label be shaping the memory?","What does the best available record establish, and what remains memory or interpretation? | Remember that emotional intensity changes over time and may change differently for different people.","What do you remember directly, and is there any record we can compare it with?","Memory matters, but if a record exists I want us to use it before deciding what happened.",We may remember this differently. Let's use any record we have and mark the rest as uncertain rather than accusing each other.
50,Halo Effect,Memory,because they're good | because she is loving | because he is loving | because they're successful | good person so | great parent so | kind person so,"Is one positive trait being used as evidence for an unrelated judgment? | Is there a contemporaneous record, or are we relying mainly on recall? | Could timing, retelling, emotion, or an earlier label be shaping the memory?","What does the best available record establish, and what remains memory or interpretation? | Evaluate each behavior on its own evidence rather than borrowing credibility from unrelated strengths.","What do you remember directly, and is there any record we can compare it with?","Memory matters, but if a record exists I want us to use it before deciding what happened.",We may remember this differently. Let's use any record we have and mark the rest as uncertain rather than accusing each other.
51,Horn Effect,Memory,because they're bad | one bad thing means | everything about them is bad | bad person so | after what they did nothing good | one flaw colors everything,"Is one negative event or trait contaminating judgments about unrelated parts of the person? | Is there a contemporaneous record, or are we relying mainly on recall? | Could timing, retelling, emotion, or an earlier label be shaping the memory?","What does the best available record establish, and what remains memory or interpretation? | A serious negative event may matter greatly, but do not let it silently become evidence for unrelated claims.","What do you remember directly, and is there any record we can compare it with?","Memory matters, but if a record exists I want us to use it before deciding what happened.",We may remember this differently. Let's use any record we have and mark the rest as uncertain rather than accusing each other.
52,Overgeneralization,Scale,always | never | every single time | constantly | nothing | everything | everyone | nobody | all you do | every time,"What time period and actual frequency justify words like 'always' or 'never'? | How large is the evidence set compared with the size of the conclusion? | What exceptions, denominators, or important differences have to be counted?","Can we replace the absolute claim with a measured one using actual frequency and scope? | Replace absolutes with frequency and examples: “This happened three times this month, and it is affecting my trust.”","How often has this actually happened, over what period, and what exceptions are there?",That conclusion is broader than the examples so far. Let's make the scope match the evidence.,I hear that this feels like a pattern. Can we define the pattern precisely enough to test it?
53,Slippery Slope,Scale,then this will lead to | and then it'll | and then it will | eventually this means | next thing you know | if this then eventually | chain reaction | slippery slope,"What evidence supports each step in the predicted chain rather than only the first and last? | How large is the evidence set compared with the size of the conclusion? | What exceptions, denominators, or important differences have to be counted?",Can we replace the absolute claim with a measured one using actual frequency and scope? | Examine each proposed link separately instead of treating the chain as automatic.,"How often has this actually happened, over what period, and what exceptions are there?",That conclusion is broader than the examples so far. Let's make the scope match the evidence.,I hear that this feels like a pattern. Can we define the pattern precisely enough to test it?
54,Composition Fallacy,Scale,one part means the whole | this decision proves who you are | one session proves the whole | one behavior means the person | part therefore whole | this piece means all of it,"Does one part or one incident really justify a conclusion about the whole person, relationship, or system? | How large is the evidence set compared with the size of the conclusion? | What exceptions, denominators, or important differences have to be counted?",Can we replace the absolute claim with a measured one using actual frequency and scope? | Keep the scale of the conclusion matched to the scale of the evidence.,"How often has this actually happened, over what period, and what exceptions are there?",That conclusion is broader than the examples so far. Let's make the scope match the evidence.,I hear that this feels like a pattern. Can we define the pattern precisely enough to test it?
55,Division Fallacy,Scale,whole means every part | our relationship is so every moment | the group is so each person | because the whole is | every part must be | whole therefore part,"Does a statement about the whole necessarily apply to every individual part or moment? | How large is the evidence set compared with the size of the conclusion? | What exceptions, denominators, or important differences have to be counted?",Can we replace the absolute claim with a measured one using actual frequency and scope? | Shared systems can contain unequal contributions. Evaluate the specific part instead of inheriting the judgment of the whole.,"How often has this actually happened, over what period, and what exceptions are there?",That conclusion is broader than the examples so far. Let's make the scope match the evidence.,I hear that this feels like a pattern. Can we define the pattern precisely enough to test it?
56,False Analogy,Scale,just like | same as | no different from | exactly like | basically the same as | equivalent to | that's like saying,"What important differences between the two situations could make the analogy fail? | How large is the evidence set compared with the size of the conclusion? | What exceptions, denominators, or important differences have to be counted?",Can we replace the absolute claim with a measured one using actual frequency and scope? | Identify the relevant similarities and the relevant differences before carrying a conclusion from one case to another.,"How often has this actually happened, over what period, and what exceptions are there?",That conclusion is broader than the examples so far. Let's make the scope match the evidence.,I hear that this feels like a pattern. Can we define the pattern precisely enough to test it?
57,Maximization,Scale,ruined everything | completely rejected | huge disaster | the entire weekend | worst ever | massive problem | blew it up | made it much bigger,"Is the importance, frequency, or meaning of the negative event being inflated beyond the record? | How large is the evidence set compared with the size of the conclusion? | What exceptions, denominators, or important differences have to be counted?",Can we replace the absolute claim with a measured one using actual frequency and scope? | Use proportionate language. Serious problems do not become more serious by making them larger than the evidence allows.,"How often has this actually happened, over what period, and what exceptions are there?",That conclusion is broader than the examples so far. Let's make the scope match the evidence.,I hear that this feels like a pattern. Can we define the pattern precisely enough to test it?
58,Minimization,Scale,only yelling | just a text | not a big deal | just one time | only happened once | it's nothing | it was nothing | you're overreacting | barely matters,"Is a meaningful event or impact being made smaller simply because it is inconvenient to address? | How large is the evidence set compared with the size of the conclusion? | What exceptions, denominators, or important differences have to be counted?",Can we replace the absolute claim with a measured one using actual frequency and scope? | Describe the event accurately enough to capture both behavior and impact without exaggerating or shrinking it.,"How often has this actually happened, over what period, and what exceptions are there?",That conclusion is broader than the examples so far. Let's make the scope match the evidence.,I hear that this feels like a pattern. Can we define the pattern precisely enough to test it?
59,False Consensus Effect,Scale,any husband would | any wife would | any partner would | everyone knows spouses | most reasonable people | we all know | any normal person | everyone feels this way,"What evidence shows that most reasonable people actually share this rule or assumption? | How large is the evidence set compared with the size of the conclusion? | What exceptions, denominators, or important differences have to be counted?","Can we replace the absolute claim with a measured one using actual frequency and scope? | Your norm may be common, uncommon, or somewhere between. A couple still has to make its own explicit agreements.","How often has this actually happened, over what period, and what exceptions are there?",That conclusion is broader than the examples so far. Let's make the scope match the evidence.,I hear that this feels like a pattern. Can we define the pattern precisely enough to test it?
60,No True Scotsman,Scale,real husband | real wife | real partner | true husband | true wife | true partner | no real spouse would | if they were truly supportive | doesn't count because they're not really,"Is a counterexample being excluded by redefining who counts as a 'real' member of the category? | How large is the evidence set compared with the size of the conclusion? | What exceptions, denominators, or important differences have to be counted?",Can we replace the absolute claim with a measured one using actual frequency and scope? | Let counterexamples test the rule instead of changing the definition to save the rule.,"How often has this actually happened, over what period, and what exceptions are there?",That conclusion is broader than the examples so far. Let's make the scope match the evidence.,I hear that this feels like a pattern. Can we define the pattern precisely enough to test it?
61,Ad Hominem,Relevance,you're crazy | you are crazy | you're obsessed | you are obsessed | you're impossible | you are impossible | you're stupid | you are stupid | you're just emotional | you are just emotional | attack the person,"Can the claim be answered without making a judgment about the person's character? | What was the original question or claim? | Does this response answer it directly, or move to a different issue/person/definition?",Can we answer the original question first and handle the second issue separately? | Return to the proposition: even an imperfect messenger can raise a legitimate issue.,Can we finish the original question before moving to that other issue?,"That may be worth discussing, but it doesn't answer the point we're on.",I will come back to that issue. First I'd like us to finish the one already on the table.
62,Loaded Question,Relevance,why do you keep | when will you stop | when did you stop | why are you always | why did you deliberately | why are you controlling | why do you refuse to | loaded question,"What assumption is already built into the question before it is answered? | What was the original question or claim? | Does this response answer it directly, or move to a different issue/person/definition?",Can we answer the original question first and handle the second issue separately? | Remove the assumption and ask the observable question first.,Can we finish the original question before moving to that other issue?,"That may be worth discussing, but it doesn't answer the point we're on.",I will come back to that issue. First I'd like us to finish the one already on the table.
63,Begging the Question,Relevance,because it is | because you're | because you are | it's true because it's true | it is true because it is true | that proves itself | because that's what it is,"Is the conclusion being used as the reason for believing the conclusion? | What was the original question or claim? | Does this response answer it directly, or move to a different issue/person/definition?",Can we answer the original question first and handle the second issue separately? | Supply independent reasons instead of restating the conclusion in new words.,Can we finish the original question before moving to that other issue?,"That may be worth discussing, but it doesn't answer the point we're on.",I will come back to that issue. First I'd like us to finish the one already on the table.
64,Motte-and-Bailey,Relevance,i only meant | I only meant | that's not what i meant | that is not what i meant | i didn't say always | i did not say always | retreat to | weaker claim | strong claim then weaker,"What was the original strong claim, and has it been weakened only after challenge? | What was the original question or claim? | Does this response answer it directly, or move to a different issue/person/definition?",Can we answer the original question first and handle the second issue separately? | Keep the claim at one level. A feeling of being unsupported may be valid without proving prohibition or deliberate isolation.,Can we finish the original question before moving to that other issue?,"That may be worth discussing, but it doesn't answer the point we're on.",I will come back to that issue. First I'd like us to finish the one already on the table.
65,Equivocation,Relevance,by support i mean | by support I mean | same word different meaning | that's not what support means | freedom means | safe means | respect means | changed the meaning | word means two things,"Is the same key word being used with two different meanings in the argument? | What was the original question or claim? | Does this response answer it directly, or move to a different issue/person/definition?",Can we answer the original question first and handle the second issue separately? | Define the key word. Many circular fights are really fights between different definitions.,Can we finish the original question before moving to that other issue?,"That may be worth discussing, but it doesn't answer the point we're on.",I will come back to that issue. First I'd like us to finish the one already on the table.
66,Moving the Goalposts,Relevance,not enough anymore | now you need | that doesn't count | that does not count | i asked for x now y | standard changed | goalpost | even after you did that,"What was the original standard, and did it change after that standard was met? | What was the original question or claim? | Does this response answer it directly, or move to a different issue/person/definition?","Can we answer the original question first and handle the second issue separately? | Before evaluating success, state what would count as meeting the request and do not silently replace it afterward.",Can we finish the original question before moving to that other issue?,"That may be worth discussing, but it doesn't answer the point we're on.",I will come back to that issue. First I'd like us to finish the one already on the table.
67,Red Herring,Relevance,that's a different issue | that is a different issue | side issue | anyway what about | instead let's talk about | instead let us talk about | not answering the question | change the subject | unrelated point,"Does this new issue actually answer the question currently being discussed? | What was the original question or claim? | Does this response answer it directly, or move to a different issue/person/definition?",Can we answer the original question first and handle the second issue separately? | Park the second issue and return to it after the first question is answered.,Can we finish the original question before moving to that other issue?,"That may be worth discussing, but it doesn't answer the point we're on.",I will come back to that issue. First I'd like us to finish the one already on the table.
68,Whataboutism,Relevance,what about | but you | well you | and you did | what about when you | you did it too so | instead of answering you,"Can the original criticism be answered before bringing up the other person's wrongdoing? | What was the original question or claim? | Does this response answer it directly, or move to a different issue/person/definition?",Can we answer the original question first and handle the second issue separately? | Two wrongs can both deserve attention. Address them one at a time.,Can we finish the original question before moving to that other issue?,"That may be worth discussing, but it doesn't answer the point we're on.",I will come back to that issue. First I'd like us to finish the one already on the table.
69,Tu Quoque,Relevance,you do it too | you've done it | you have done it | you're a hypocrite | you are a hypocrite | same criticism applies to you | who are you to say,"Would the criticism still be valid even if the critic has done the same thing? | What was the original question or claim? | Does this response answer it directly, or move to a different issue/person/definition?","Can we answer the original question first and handle the second issue separately? | A person can be inconsistent and still make a valid point. Deal with the behavior, then deal with the hypocrisy separately.",Can we finish the original question before moving to that other issue?,"That may be worth discussing, but it doesn't answer the point we're on.",I will come back to that issue. First I'd like us to finish the one already on the table.
70,Poisoning the Well,Relevance,before they answer know that | expect them to lie | they'll deny everything | they will deny everything | can't trust anything they say | cannot trust anything they say | they're defensive so | they are defensive so,"Has the speaker been discredited in advance so that any response will be interpreted negatively? | What was the original question or claim? | Does this response answer it directly, or move to a different issue/person/definition?",Can we answer the original question first and handle the second issue separately? | Evaluate the statement before using a character judgment to decide what it means.,Can we finish the original question before moving to that other issue?,"That may be worth discussing, but it doesn't answer the point we're on.",I will come back to that issue. First I'd like us to finish the one already on the table.
71,Appeal to Ridicule,Relevance,that's ridiculous | that is ridiculous | laughable | how romantic | what a joke | that's stupid | that is stupid | mocking | sarcastic dismissal,"What argument remains after the mockery or sarcasm is removed? | What was the original question or claim? | Does this response answer it directly, or move to a different issue/person/definition?","Can we answer the original question first and handle the second issue separately? | A position can sound awkward and still be reasonable. Critique the substance, not how easy it is to mock.",Can we finish the original question before moving to that other issue?,"That may be worth discussing, but it doesn't answer the point we're on.",I will come back to that issue. First I'd like us to finish the one already on the table.
72,Appeal to Tradition,Relevance,always done it this way | we've always | we have always | tradition | that's how marriage works | that is how marriage works | because that's how it's always been | because that is how it has always been,"Is the practice being defended because it works, or merely because it is familiar and old? | What was the original question or claim? | Does this response answer it directly, or move to a different issue/person/definition?","Can we answer the original question first and handle the second issue separately? | Tradition can carry meaning, but current conditions still determine whether the practice works.",Can we finish the original question before moving to that other issue?,"That may be worth discussing, but it doesn't answer the point we're on.",I will come back to that issue. First I'd like us to finish the one already on the table.
73,Appeal to Novelty,Relevance,new way is better | modern is better | new therapy | latest approach | more evolved | newer must be | because it's new | because it is new,"What evidence makes the newer approach better besides the fact that it is newer? | What was the original question or claim? | Does this response answer it directly, or move to a different issue/person/definition?",Can we answer the original question first and handle the second issue separately? | Newness is neither proof of improvement nor proof of decline. Evaluate results and principles.,Can we finish the original question before moving to that other issue?,"That may be worth discussing, but it doesn't answer the point we're on.",I will come back to that issue. First I'd like us to finish the one already on the table.
74,Appeal to Nature,Relevance,natural so | human nature so | normal therefore | it's natural | it is natural | biological so | instinct so | natural means right,"Does being natural make the behavior good, justified, or obligatory? | What was the original question or claim? | Does this response answer it directly, or move to a different issue/person/definition?","Can we answer the original question first and handle the second issue separately? | Natural impulses still operate inside consent, responsibility, and negotiated agreements.",Can we finish the original question before moving to that other issue?,"That may be worth discussing, but it doesn't answer the point we're on.",I will come back to that issue. First I'd like us to finish the one already on the table.
75,Straw Man,Relevance,so you're saying | so you are saying | so feelings mean nothing | so i need permission | so I need permission | you mean that | twist what i said | extreme version of what i said,"Can you restate the other person's position in a way they would recognize as accurate? | What was the original question or claim? | Does this response answer it directly, or move to a different issue/person/definition?",Can we answer the original question first and handle the second issue separately? | Restate the other person’s actual claim in a form they recognize before responding to it.,Can we finish the original question before moving to that other issue?,"That may be worth discussing, but it doesn't answer the point we're on.",I will come back to that issue. First I'd like us to finish the one already on the table.
76,False Equivalence,Fairness,same thing | equally bad | both did | exactly equivalent | no different morally | same level | these are identical,"What relevant differences make the two situations equivalent or not equivalent? | What rule is being applied, and would it survive a role reversal? | Are both people's relevant actions being judged by the same principle?","Would this exact standard still seem fair with the names reversed? | Compare the features that actually matter: consent, frequency, stakes, intent, impact, and prior agreement.",Would we use the same rule if our roles were reversed?,"I want the same principle applied to both of us, with any relevant differences explained.",I don't need everything to be identical. I do want us to name the principle we're using for both sides.
77,Special Pleading,Fairness,that's different | that is different | exception for me | my case is special | doesn't apply to me | does not apply to me | special case | rule applies except,"What principle justifies making an exception in this case, and would it apply to the other person too? | What rule is being applied, and would it survive a role reversal? | Are both people's relevant actions being judged by the same principle?","Would this exact standard still seem fair with the names reversed? | If an exception is justified, name the relevant difference. Otherwise apply the same rule.",Would we use the same rule if our roles were reversed?,"I want the same principle applied to both of us, with any relevant differences explained.",I don't need everything to be identical. I do want us to name the principle we're using for both sides.
78,Double Standard,Fairness,i can but you can't | I can but you can’t | i can but you cannot | different rules | double standard | okay when i do it | wrong when you do it | same act different rule,"Would you apply the same rule if the roles were reversed? | What rule is being applied, and would it survive a role reversal? | Are both people's relevant actions being judged by the same principle?",Would this exact standard still seem fair with the names reversed? | Ask whether you would accept the same standard with the roles reversed.,Would we use the same rule if our roles were reversed?,"I want the same principle applied to both of us, with any relevant differences explained.",I don't need everything to be identical. I do want us to name the principle we're using for both sides.
79,Selective Accountability,Fairness,only your part | we're not talking about me | we are not talking about me | only you need to change | your reaction only | my part is irrelevant | selective accountability,"Are all relevant contributions being examined, or only one person's? | What rule is being applied, and would it survive a role reversal? | Are both people's relevant actions being judged by the same principle?","Would this exact standard still seem fair with the names reversed? | Accountability is not fifty-fifty in every event, but every relevant behavior should be examinable.",Would we use the same rule if our roles were reversed?,"I want the same principle applied to both of us, with any relevant differences explained.",I don't need everything to be identical. I do want us to name the principle we're using for both sides.
80,Fundamental Attribution Error,Fairness,because you're that kind of person | because you are that kind of person | that's who you are | that is who you are | you did it because you're | you did it because you are | character explains it | personality not situation,"What situational pressures might explain the behavior before turning it into character? | What rule is being applied, and would it survive a role reversal? | Are both people's relevant actions being judged by the same principle?",Would this exact standard still seem fair with the names reversed? | Consider both disposition and situation before turning behavior into character.,Would we use the same rule if our roles were reversed?,"I want the same principle applied to both of us, with any relevant differences explained.",I don't need everything to be identical. I do want us to name the principle we're using for both sides.
81,Actor-Observer Bias,Fairness,i did it because | I did it because | you did it because | when i do it it's because | when you do it it's because | my circumstances your character | same behavior different explanation,"Are you explaining your own behavior by circumstances but the other person's by character? | What rule is being applied, and would it survive a role reversal? | Are both people's relevant actions being judged by the same principle?",Would this exact standard still seem fair with the names reversed? | Describe both people with the same level of situational generosity and behavioral accountability.,Would we use the same rule if our roles were reversed?,"I want the same principle applied to both of us, with any relevant differences explained.",I don't need everything to be identical. I do want us to name the principle we're using for both sides.
82,Self-Serving Bias,Fairness,good because of me | bad because of you | when it works i did | when it fails you did | success is mine | failure is yours | credit me blame you,"Are you using one causal standard for outcomes that flatter you and another for outcomes that do not? | What rule is being applied, and would it survive a role reversal? | Are both people's relevant actions being judged by the same principle?",Would this exact standard still seem fair with the names reversed? | Use the same causal standard for outcomes that flatter you and outcomes that do not.,Would we use the same rule if our roles were reversed?,"I want the same principle applied to both of us, with any relevant differences explained.",I don't need everything to be identical. I do want us to name the principle we're using for both sides.
83,Self-Justification,Fairness,had to | no choice | you made me | i was forced to | I was forced to | there was no alternative | what else could i do | what else could I do,"What alternatives existed, even if they were uncomfortable or difficult? | What rule is being applied, and would it survive a role reversal? | Are both people's relevant actions being judged by the same principle?",Would this exact standard still seem fair with the names reversed? | An explanation can be true and still not eliminate responsibility. Ask what alternative choices existed.,Would we use the same rule if our roles were reversed?,"I want the same principle applied to both of us, with any relevant differences explained.",I don't need everything to be identical. I do want us to name the principle we're using for both sides.
84,Sunk Cost Fallacy,Fairness,already invested | all these years | too much time | too much money | can't waste what we put in | cannot waste what we put in | we've come this far | we have come this far,"If the past investment disappeared, what choice would make the most sense from today forward? | What rule is being applied, and would it survive a role reversal? | Are both people's relevant actions being judged by the same principle?","Would this exact standard still seem fair with the names reversed? | Past investment matters emotionally, but the decision should turn on future values, costs, and possibilities.",Would we use the same rule if our roles were reversed?,"I want the same principle applied to both of us, with any relevant differences explained.",I don't need everything to be identical. I do want us to name the principle we're using for both sides.
85,Moral Licensing,Fairness,after all i do | after all I do | i deserve | I deserve | i earned the right | i sacrificed so | because i've been good | because I’ve been good | good deed earns exception,"Does a prior good deed or sacrifice actually create an exemption from the current rule? | What rule is being applied, and would it survive a role reversal? | Are both people's relevant actions being judged by the same principle?","Would this exact standard still seem fair with the names reversed? | Good actions do not purchase exemptions from consent, accountability, or respect.",Would we use the same rule if our roles were reversed?,"I want the same principle applied to both of us, with any relevant differences explained.",I don't need everything to be identical. I do want us to name the principle we're using for both sides.
86,Just-World Fallacy,Fairness,got what they deserved | must have caused it | happened so deserved | bad thing happened so they must | people get what they deserve | if they suffered they caused,"Are you assuming the outcome proves what the person deserved or morally caused? | What rule is being applied, and would it survive a role reversal? | Are both people's relevant actions being judged by the same principle?","Would this exact standard still seem fair with the names reversed? | Bad outcomes can arise from mixed causes, incompatible needs, chance, trauma, or another person’s choices.",Would we use the same rule if our roles were reversed?,"I want the same principle applied to both of us, with any relevant differences explained.",I don't need everything to be identical. I do want us to name the principle we're using for both sides.
87,Zero-Sum Thinking,Fairness,if you win i lose | if you win I lose | either your needs or mine | one of us has to lose | your gain is my loss | can't both get needs met | cannot both get needs met,"Is there a solution where both people's interests can be represented rather than one person having to lose? | What rule is being applied, and would it survive a role reversal? | Are both people's relevant actions being judged by the same principle?","Would this exact standard still seem fair with the names reversed? | Look for arrangements where both needs can be represented, even if neither gets everything.",Would we use the same rule if our roles were reversed?,"I want the same principle applied to both of us, with any relevant differences explained.",I don't need everything to be identical. I do want us to name the principle we're using for both sides.
88,Omission Bias,Fairness,did nothing | didn't do anything | did not do anything | i never acted | I never acted | inaction doesn't count | inaction does not count | i only stayed silent | I only stayed silent,"What consequences came from what was knowingly left undone, not just from overt actions? | What rule is being applied, and would it survive a role reversal? | Are both people's relevant actions being judged by the same principle?",Would this exact standard still seem fair with the names reversed? | Ask what responsibility attaches both to what was done and to what was knowingly left undone.,Would we use the same rule if our roles were reversed?,"I want the same principle applied to both of us, with any relevant differences explained.",I don't need everything to be identical. I do want us to name the principle we're using for both sides.
89,Moral Luck,Fairness,nothing bad happened | turned out fine | bad luck | good luck | because the outcome was okay | because the outcome was bad | result decides blame | luck changes morality,"How much of the outcome was outside the person's control, and would you judge the same choice differently with different luck? | What rule is being applied, and would it survive a role reversal? | Are both people's relevant actions being judged by the same principle?",Would this exact standard still seem fair with the names reversed? | Separate the controllable choice from the uncontrollable outcome when assigning responsibility.,Would we use the same rule if our roles were reversed?,"I want the same principle applied to both of us, with any relevant differences explained.",I don't need everything to be identical. I do want us to name the principle we're using for both sides.
90,Confirmation Bias,Openness,confirms what i believe | confirms what I believe | only notice | everything fits my theory | see i was right | see I was right | ignore contrary | look for proof i'm right | look for proof I’m right,What is the strongest evidence against the conclusion you currently prefer? | What specific evidence could lower confidence in this conclusion? | Is there a real path by which the belief could be revised?,What result would genuinely make you update this belief? | Actively search for the strongest evidence against your preferred conclusion.,What evidence could realistically change your mind about this?,"If no possible answer or evidence could count against the claim, I can't meaningfully test it.",I want to understand the concern. It would help me to know what information could genuinely update the conclusion.
91,Belief Perseverance,Openness,even after evidence | still believe | doesn't matter what evidence | does not matter what evidence | i know anyway | I know anyway | evidence changed but belief didn't | evidence changed but belief did not,Has the original evidence changed while the belief remained untouched? | What specific evidence could lower confidence in this conclusion? | Is there a real path by which the belief could be revised?,"What result would genuinely make you update this belief? | When the foundation changes, deliberately reconsider the conclusion rather than merely finding a new justification for it.",What evidence could realistically change your mind about this?,"If no possible answer or evidence could count against the claim, I can't meaningfully test it.",I want to understand the concern. It would help me to know what information could genuinely update the conclusion.
92,Backfire Effect,Openness,evidence makes me more sure | proof makes me more convinced | correction proves i'm right | correction proves I’m right | the more you explain the more guilty | push back makes me believe more,Is corrective information being treated as another reason to become more certain? | What specific evidence could lower confidence in this conclusion? | Is there a real path by which the belief could be revised?,What result would genuinely make you update this belief? | Lower the identity threat. Ask what part of the belief can be updated without erasing the underlying experience.,What evidence could realistically change your mind about this?,"If no possible answer or evidence could count against the claim, I can't meaningfully test it.",I want to understand the concern. It would help me to know what information could genuinely update the conclusion.
93,Naive Realism,Openness,i'm just seeing reality | I’m just seeing reality | i'm objective | I’m objective | if you disagree you're biased | if you disagree you’re biased | any reasonable person sees | only i see it clearly | only I see it clearly,Are you assuming your own view is simply objective reality while disagreement proves bias or irrationality? | What specific evidence could lower confidence in this conclusion? | Is there a real path by which the belief could be revised?,What result would genuinely make you update this belief? | Separate confidence in evidence from the assumption that your interpretation is the only reasonable one.,What evidence could realistically change your mind about this?,"If no possible answer or evidence could count against the claim, I can't meaningfully test it.",I want to understand the concern. It would help me to know what information could genuinely update the conclusion.
94,Bias Blind Spot,Openness,i'm not biased | I’m not biased | you're biased | you’re biased | your fallacy | you always use fallacies | i don't have that bias | I don’t have that bias | bias is your problem,What bias or reasoning trap might you be contributing to this same situation? | What specific evidence could lower confidence in this conclusion? | Is there a real path by which the belief could be revised?,"What result would genuinely make you update this belief? | Before naming another person’s reasoning error, ask where the same category might appear in your own thinking.",What evidence could realistically change your mind about this?,"If no possible answer or evidence could count against the claim, I can't meaningfully test it.",I want to understand the concern. It would help me to know what information could genuinely update the conclusion.
95,Kafka Trap,Openness,denial proves it | asking proves it | defensiveness proves it | if you disagree that proves | the fact you deny it proves | needing evidence proves | anything you say proves,"Is there any possible response that could count against the accusation, or does every response prove it? | What specific evidence could lower confidence in this conclusion? | Is there a real path by which the belief could be revised?",What result would genuinely make you update this belief? | A fair claim must allow some possible response or evidence that could count against it.,What evidence could realistically change your mind about this?,"If no possible answer or evidence could count against the claim, I can't meaningfully test it.",I want to understand the concern. It would help me to know what information could genuinely update the conclusion.
96,False Dilemma,Openness,either you | either this or | only two choices | if not this then that | all or nothing | choose one of two | no middle ground,"What third, fourth, or mixed option exists beyond the two choices presented? | What specific evidence could lower confidence in this conclusion? | Is there a real path by which the belief could be revised?",What result would genuinely make you update this belief? | List at least one third option before accepting an either-or frame.,What evidence could realistically change your mind about this?,"If no possible answer or evidence could count against the claim, I can't meaningfully test it.",I want to understand the concern. It would help me to know what information could genuinely update the conclusion.
97,Circular Reasoning,Openness,because you're selfish because | because you are selfish because | true because it is true | unsafe because i feel unsafe and | the conclusion proves itself | same claim as evidence | circular,What independent evidence supports the conclusion rather than restating it? | What specific evidence could lower confidence in this conclusion? | Is there a real path by which the belief could be revised?,What result would genuinely make you update this belief? | Break the circle by asking for an observation that can be evaluated independently of the conclusion.,What evidence could realistically change your mind about this?,"If no possible answer or evidence could count against the claim, I can't meaningfully test it.",I want to understand the concern. It would help me to know what information could genuinely update the conclusion.
98,Status Quo Bias,Openness,keep it the same | always been this way | status quo | why change now | this is how we've always | this is how we have always | familiar is safer | don't change what works | do not change what works,Would you choose the current arrangement if you were deciding fresh today? | What specific evidence could lower confidence in this conclusion? | Is there a real path by which the belief could be revised?,What result would genuinely make you update this belief? | Compare the current arrangement with realistic alternatives instead of treating familiarity as evidence of superiority.,What evidence could realistically change your mind about this?,"If no possible answer or evidence could count against the claim, I can't meaningfully test it.",I want to understand the concern. It would help me to know what information could genuinely update the conclusion.
99,Reactance,Openness,don't tell me what to do | do not tell me what to do | because you asked me not to | now i want to because you said no | now I want to because you said no | i'll do the opposite | I’ll do the opposite | resist because controlled,"Are you rejecting the idea because of its merits, or because being told what to do threatens autonomy? | What specific evidence could lower confidence in this conclusion? | Is there a real path by which the belief could be revised?","What result would genuinely make you update this belief? | Notice the autonomy alarm, then evaluate the request separately from the discomfort of being asked.",What evidence could realistically change your mind about this?,"If no possible answer or evidence could count against the claim, I can't meaningfully test it.",I want to understand the concern. It would help me to know what information could genuinely update the conclusion.
100,In-Group Bias,Openness,my family | my side | our people | people like us | outsider | they're one of us | they are one of us | i trust them because they're family | I trust them because they’re family | our group knows better,Would you give the same credibility to this claim if it came from someone outside your group? | What specific evidence could lower confidence in this conclusion? | Is there a real path by which the belief could be revised?,What result would genuinely make you update this belief? | Apply the same evidence standard to insiders and outsiders.,What evidence could realistically change your mind about this?,"If no possible answer or evidence could count against the claim, I can't meaningfully test it.",I want to understand the concern. It would help me to know what information could genuinely update the conclusion.
